<?xml version="1.0" encoding="UTF-8"?>
<mesh>
    <sharedgeometry vertexcount="24">
        <vertexbuffer texture_coords="1" normals="true" positions="true" colours_diffuse="False">
            <vertex>
                <position y="-18.225401" x="-28.953100" z="82.742401"/>
                <normal y="0.760079" x="-0.649830" z="-0.000421"/>
                <texcoord u="1.000000" v="1.000000"/>
            </vertex>
            <vertex>
                <position y="-19.129499" x="-29.625099" z="-251.709000"/>
                <normal y="0.760079" x="-0.649830" z="-0.000421"/>
                <texcoord u="1.000000" v="0.000000"/>
            </vertex>
            <vertex>
                <position y="-65.014397" x="-83.463898" z="-251.373993"/>
                <normal y="0.760079" x="-0.649830" z="-0.000421"/>
                <texcoord u="0.000000" v="0.000000"/>
            </vertex>
            <vertex>
                <position y="-65.197098" x="-83.725197" z="83.079201"/>
                <normal y="0.760079" x="-0.649830" z="-0.000421"/>
                <texcoord u="0.000000" v="1.000000"/>
            </vertex>
            <vertex>
                <position y="-19.129499" x="-29.625099" z="-251.709000"/>
                <normal y="0.631808" x="0.775114" z="-0.004079"/>
                <texcoord u="0.000000" v="0.000000"/>
            </vertex>
            <vertex>
                <position y="-18.225401" x="-28.953100" z="82.742401"/>
                <normal y="0.631808" x="0.775114" z="-0.004079"/>
                <texcoord u="0.000000" v="1.000000"/>
            </vertex>
            <vertex>
                <position y="-298.014008" x="199.455994" z="82.392197"/>
                <normal y="0.631808" x="0.775114" z="-0.004079"/>
                <texcoord u="1.000000" v="1.000000"/>
            </vertex>
            <vertex>
                <position y="-298.875000" x="198.046997" z="-252.057007"/>
                <normal y="0.631808" x="0.775114" z="-0.004079"/>
                <texcoord u="1.000000" v="0.000000"/>
            </vertex>
            <vertex>
                <position y="-344.123993" x="145.768005" z="82.570702"/>
                <normal y="-0.759627" x="0.650358" z="-0.001113"/>
                <texcoord u="1.000000" v="1.000000"/>
            </vertex>
            <vertex>
                <position y="-343.898010" x="145.291000" z="-251.882004"/>
                <normal y="-0.759627" x="0.650358" z="-0.001113"/>
                <texcoord u="1.000000" v="0.000000"/>
            </vertex>
            <vertex>
                <position y="-298.875000" x="198.046997" z="-252.057007"/>
                <normal y="-0.759627" x="0.650358" z="-0.001113"/>
                <texcoord u="0.000000" v="0.000000"/>
            </vertex>
            <vertex>
                <position y="-298.014008" x="199.455994" z="82.392197"/>
                <normal y="-0.759627" x="0.650358" z="-0.001113"/>
                <texcoord u="0.000000" v="1.000000"/>
            </vertex>
            <vertex>
                <position y="-65.197098" x="-83.725197" z="83.079201"/>
                <normal y="-0.634778" x="-0.772695" z="-0.000139"/>
                <texcoord u="1.000000" v="1.000000"/>
            </vertex>
            <vertex>
                <position y="-65.014397" x="-83.463898" z="-251.373993"/>
                <normal y="-0.634778" x="-0.772695" z="-0.000139"/>
                <texcoord u="1.000000" v="0.000000"/>
            </vertex>
            <vertex>
                <position y="-343.898010" x="145.291000" z="-251.882004"/>
                <normal y="-0.634778" x="-0.772695" z="-0.000139"/>
                <texcoord u="0.000000" v="0.000000"/>
            </vertex>
            <vertex>
                <position y="-344.123993" x="145.768005" z="82.570702"/>
                <normal y="-0.634778" x="-0.772695" z="-0.000139"/>
                <texcoord u="0.000000" v="1.000000"/>
            </vertex>
            <vertex>
                <position y="-19.129499" x="-29.625099" z="-251.709000"/>
                <normal y="-0.001401" x="-0.003590" z="-0.999993"/>
                <texcoord u="1.000000" v="1.000000"/>
            </vertex>
            <vertex>
                <position y="-298.875000" x="198.046997" z="-252.057007"/>
                <normal y="-0.001401" x="-0.003590" z="-0.999993"/>
                <texcoord u="1.000000" v="0.000000"/>
            </vertex>
            <vertex>
                <position y="-343.898010" x="145.291000" z="-251.882004"/>
                <normal y="-0.001401" x="-0.003590" z="-0.999993"/>
                <texcoord u="0.000000" v="0.000000"/>
            </vertex>
            <vertex>
                <position y="-65.014397" x="-83.463898" z="-251.373993"/>
                <normal y="-0.001401" x="-0.003590" z="-0.999993"/>
                <texcoord u="0.000000" v="1.000000"/>
            </vertex>
            <vertex>
                <position y="-298.014008" x="199.455994" z="82.392197"/>
                <normal y="0.001384" x="0.003564" z="0.999993"/>
                <texcoord u="1.000000" v="1.000000"/>
            </vertex>
            <vertex>
                <position y="-18.225401" x="-28.953100" z="82.742401"/>
                <normal y="0.001384" x="0.003564" z="0.999993"/>
                <texcoord u="1.000000" v="0.000000"/>
            </vertex>
            <vertex>
                <position y="-65.197098" x="-83.725197" z="83.079201"/>
                <normal y="0.001384" x="0.003564" z="0.999993"/>
                <texcoord u="0.000000" v="0.000000"/>
            </vertex>
            <vertex>
                <position y="-344.123993" x="145.768005" z="82.570702"/>
                <normal y="0.001384" x="0.003564" z="0.999993"/>
                <texcoord u="0.000000" v="1.000000"/>
            </vertex>
        </vertexbuffer>
    </sharedgeometry>
    <submeshes>
        <submesh operationtype="triangle_list" usesharedvertices="true" use32bitindexes="False" material="default_Mat">
            <faces count="4">
                <face v2="17" v3="18" v1="16"/>
                <face v2="18" v3="19" v1="16"/>
                <face v2="21" v3="22" v1="20"/>
                <face v2="22" v3="23" v1="20"/>
            </faces>
        </submesh>
        <submesh operationtype="triangle_list" usesharedvertices="true" use32bitindexes="False" material="Mat.3">
            <faces count="4">
                <face v2="5" v3="6" v1="4"/>
                <face v2="6" v3="7" v1="4"/>
                <face v2="13" v3="14" v1="12"/>
                <face v2="14" v3="15" v1="12"/>
            </faces>
        </submesh>
        <submesh operationtype="triangle_list" usesharedvertices="true" use32bitindexes="False" material="Mat.2">
            <faces count="4">
                <face v2="1" v3="2" v1="0"/>
                <face v2="2" v3="3" v1="0"/>
                <face v2="9" v3="10" v1="8"/>
                <face v2="10" v3="11" v1="8"/>
            </faces>
        </submesh>
    </submeshes>
    <submeshnames>
        <submesh index="0" name="default_Mat">
        </submesh>
        <submesh index="1" name="Mat.3">
        </submesh>
        <submesh index="2" name="Mat.2">
        </submesh>
    </submeshnames>
</mesh>